{
  "id": "d6c202e6-5126-43b0-bc99-865d9803d390",
  "name": "frames",
  "isOverridable": true,
  "entries": [
    {
      "value": "frames",
      "synonyms": [
        "frames",
        "frame"
      ]
    },
    {
      "value": "how",
      "synonyms": [
        "how"
      ]
    },
    {
      "value": "many",
      "synonyms": [
        "many"
      ]
    },
    {
      "value": "why",
      "synonyms": [
        "why"
      ]
    },
    {
      "value": "brief",
      "synonyms": [
        "brief"
      ]
    }
  ],
  "isEnum": false,
  "automatedExpansion": false
}