{
  "id": "aa0d20c0-994c-446c-904d-626803173bd3",
  "name": "mainframes",
  "isOverridable": true,
  "entries": [
    {
      "value": "main frames",
      "synonyms": [
        "main frames",
        "key frames"
      ]
    },
    {
      "value": "key",
      "synonyms": [
        "key",
        "main"
      ]
    },
    {
      "value": "hello",
      "synonyms": [
        "hello",
        "Hello",
        "HELLO"
      ]
    },
    {
      "value": "hi",
      "synonyms": [
        "hi",
        "HI"
      ]
    },
    {
      "value": "hey",
      "synonyms": [
        "hey",
        "HEY",
        "Hey"
      ]
    }
  ],
  "isEnum": false,
  "automatedExpansion": false
}