{
  "id": "8418cf9f-889f-4652-9dd3-9478a5debde9",
  "name": "sport",
  "isOverridable": true,
  "entries": [
    {
      "value": "sport",
      "synonyms": [
        "sport",
        "sports"
      ]
    },
    {
      "value": "Brief",
      "synonyms": [
        "Brief",
        "brief"
      ]
    },
    {
      "value": "SPORTs",
      "synonyms": [
        "SPORTs",
        "SPORTS"
      ]
    },
    {
      "value": "give",
      "synonyms": [
        "give"
      ]
    },
    {
      "value": "me",
      "synonyms": [
        "me"
      ]
    }
  ],
  "isEnum": false,
  "automatedExpansion": false
}