{
  "id": "52f3a5b7-44dd-4b3b-bbc6-87eeb1ed829b",
  "name": "videodatasummary",
  "isOverridable": true,
  "entries": [
    {
      "value": "data",
      "synonyms": [
        "data",
        "Data",
        "DATA"
      ]
    },
    {
      "value": "Video",
      "synonyms": [
        "Video",
        "video",
        "VIDEO"
      ]
    },
    {
      "value": "vidoes",
      "synonyms": [
        "vidoes",
        "videos"
      ]
    },
    {
      "value": "videos",
      "synonyms": [
        "videos",
        "VIDEOS"
      ]
    },
    {
      "value": "seperate",
      "synonyms": [
        "seperate"
      ]
    }
  ],
  "isEnum": false,
  "automatedExpansion": false
}